{
	"partitions" : [
		{
			"name" : "Top",
			"pins" : [
				{
					"name" : "val_out",
					"strict" : false
				},
				{
					"name" : "o_data_trunc[0]",
					"strict" : false
				},
				{
					"name" : "o_data_trunc[1]",
					"strict" : false
				},
				{
					"name" : "o_data_trunc[2]",
					"strict" : false
				},
				{
					"name" : "o_data_trunc[3]",
					"strict" : false
				},
				{
					"name" : "o_data_trunc[4]",
					"strict" : false
				},
				{
					"name" : "o_data_trunc[5]",
					"strict" : false
				},
				{
					"name" : "o_data_trunc[6]",
					"strict" : false
				},
				{
					"name" : "o_data_trunc[7]",
					"strict" : false
				},
				{
					"name" : "o_data_trunc[8]",
					"strict" : false
				},
				{
					"name" : "o_data_trunc[9]",
					"strict" : false
				},
				{
					"name" : "o_data_trunc[10]",
					"strict" : false
				},
				{
					"name" : "o_data_trunc[11]",
					"strict" : false
				},
				{
					"name" : "o_data_trunc[12]",
					"strict" : false
				},
				{
					"name" : "o_data_trunc[13]",
					"strict" : false
				},
				{
					"name" : "o_data_trunc[14]",
					"strict" : false
				},
				{
					"name" : "o_data_trunc[15]",
					"strict" : false
				},
				{
					"name" : "clk",
					"strict" : false
				},
				{
					"name" : "rst",
					"strict" : false
				},
				{
					"name" : "val_in",
					"strict" : false
				},
				{
					"name" : "i_data[15]",
					"strict" : false
				},
				{
					"name" : "i_data[14]",
					"strict" : false
				},
				{
					"name" : "i_data[13]",
					"strict" : false
				},
				{
					"name" : "i_data[12]",
					"strict" : false
				},
				{
					"name" : "i_data[11]",
					"strict" : false
				},
				{
					"name" : "i_data[10]",
					"strict" : false
				},
				{
					"name" : "i_data[9]",
					"strict" : false
				},
				{
					"name" : "i_data[8]",
					"strict" : false
				},
				{
					"name" : "i_data[7]",
					"strict" : false
				},
				{
					"name" : "i_data[6]",
					"strict" : false
				},
				{
					"name" : "i_data[5]",
					"strict" : false
				},
				{
					"name" : "i_data[4]",
					"strict" : false
				},
				{
					"name" : "i_data[3]",
					"strict" : false
				},
				{
					"name" : "i_data[2]",
					"strict" : false
				},
				{
					"name" : "i_data[1]",
					"strict" : false
				},
				{
					"name" : "i_data[0]",
					"strict" : false
				}
			]
		}
	]
}