{
	"partitions" : [
		{
			"name" : "Top",
			"pins" : [
				{
					"name" : "UART_TXD",
					"strict" : false
				},
				{
					"name" : "DAC_DA[0]",
					"strict" : false
				},
				{
					"name" : "DAC_DA[1]",
					"strict" : false
				},
				{
					"name" : "DAC_DA[2]",
					"strict" : false
				},
				{
					"name" : "DAC_DA[3]",
					"strict" : false
				},
				{
					"name" : "DAC_DA[4]",
					"strict" : false
				},
				{
					"name" : "DAC_DA[5]",
					"strict" : false
				},
				{
					"name" : "DAC_DA[6]",
					"strict" : false
				},
				{
					"name" : "DAC_DA[7]",
					"strict" : false
				},
				{
					"name" : "DAC_DA[8]",
					"strict" : false
				},
				{
					"name" : "DAC_DA[9]",
					"strict" : false
				},
				{
					"name" : "DAC_DA[10]",
					"strict" : false
				},
				{
					"name" : "DAC_DA[11]",
					"strict" : false
				},
				{
					"name" : "DAC_DA[12]",
					"strict" : false
				},
				{
					"name" : "DAC_DA[13]",
					"strict" : false
				},
				{
					"name" : "LEDG[0]",
					"strict" : false
				},
				{
					"name" : "LEDG[1]",
					"strict" : false
				},
				{
					"name" : "LEDR[0]",
					"strict" : false
				},
				{
					"name" : "LEDR[1]",
					"strict" : false
				},
				{
					"name" : "LEDR[2]",
					"strict" : false
				},
				{
					"name" : "LEDR[3]",
					"strict" : false
				},
				{
					"name" : "LEDR[4]",
					"strict" : false
				},
				{
					"name" : "LEDR[5]",
					"strict" : false
				},
				{
					"name" : "LEDR[6]",
					"strict" : false
				},
				{
					"name" : "LEDR[7]",
					"strict" : false
				},
				{
					"name" : "LEDR[8]",
					"strict" : false
				},
				{
					"name" : "LEDR[9]",
					"strict" : false
				},
				{
					"name" : "LEDR[10]",
					"strict" : false
				},
				{
					"name" : "LEDR[11]",
					"strict" : false
				},
				{
					"name" : "LEDR[12]",
					"strict" : false
				},
				{
					"name" : "LEDR[13]",
					"strict" : false
				},
				{
					"name" : "LEDR[14]",
					"strict" : false
				},
				{
					"name" : "LEDR[15]",
					"strict" : false
				},
				{
					"name" : "I2C_SCLK",
					"strict" : false
				},
				{
					"name" : "AUD_DACDAT",
					"strict" : false
				},
				{
					"name" : "I2C_SDAT",
					"strict" : false
				},
				{
					"name" : "SW[2]",
					"strict" : false
				},
				{
					"name" : "SW[1]",
					"strict" : false
				},
				{
					"name" : "SW[3]",
					"strict" : false
				},
				{
					"name" : "SW[0]",
					"strict" : false
				},
				{
					"name" : "KEY[0]",
					"strict" : false
				},
				{
					"name" : "CLOCK_50",
					"strict" : false
				},
				{
					"name" : "AUD_DACLRCK",
					"strict" : false
				},
				{
					"name" : "AUD_BCLK",
					"strict" : false
				},
				{
					"name" : "UART_RXD",
					"strict" : false
				},
				{
					"name" : "AUD_ADCLRCK",
					"strict" : false
				},
				{
					"name" : "AUD_ADCDAT",
					"strict" : false
				}
			]
		}
	]
}